{
  "usingComponents": {
    "kmjs-canvas-shop-home":"../../../components/canvas-shop-home",
    "van-tabbar": "@vant/weapp/tabbar/index",
    "van-tabbar-item": "@vant/weapp/tabbar-item/index",
    "info-flow": "kmjs-infoflow-npm/components/infoFlow/infoFlow",
    "data-null": "../../../components/data-null",
    "shop-classify": "../../../components/shop-home-classify",
    "shop-goods": "../../../components/shop-home-goods",
    "shop-info": "../../../components/shop-home-info"
  },
  "navigationBarTitleText": " "
}
