{
  "code": 0,
  "msg": "错误信息",
  "data": {
    "username": "烈烈",
    "menuList": [
      {
        "name": "menu01",
        "children": [
          {
            "name": "menu0101"
          },
          {
            "name": "menu0102"
          },
          {
            "name": "menu0103",
            "children": [
              {
                "name": "menu010301"
              },
              {
                "name": "menu010303",
                "children": [
                  {
                    "name": "menu01030302"
                  }
                ]
              }
            ]
          }
        ]
      }
    ]
  }
}
