{
  "relationType": "shop",
  "relationValue": "8b4cfc7a8bc840799f05601732a6edf3",
  "sn": "b3efd2e7f5b543a5b403e73c1ddc1dcb",
  "name": "店铺信息流1",
  "state": "none",
  "rejectReason": null,
  "data": {
    "main": [
      {
        "originSn": "83f20d39185611eca2b50c42a1da1656",
        "rootSn": "4f52d19b77454054aca81bc158a0e74c",
        "name": "grid_1_1",
        "sn": "4f52d19b77454054aca81bc158a0e74c",
        "type": "container",
        "child": [
          {
            "originSn": "938b50972b3011eca2b50c42a1da1656",
            "borderRadius": 10,
            "data": {
              "itemList": [
                {
                  "image": "2c57dc1d2552435eb71713eac0b7417b",
                  "action": {
                    "type": "goods",
                    "value": "69735639915246b9a6856782f7c1fe4a"
                  }
                },
                {
                  "image": "0a34893f64a14f0e9b5f8842bc055c66",
                  "action": {
                    "type": "info_flow",
                    "value": "8593de2340724fc082ff3f81bf751a07"
                  }
                }
              ]
            },
            "rootSn": "4f52d19b77454054aca81bc158a0e74c",
            "name": "banner",
            "sn": "2e82b782707a4ae8b9b9f3b341cce7a6",
            "type": "item",
            "parentSn": "4f52d19b77454054aca81bc158a0e74c"
          }
        ]
      },
      {
        "originSn": "83f20d39185611eca2b50c42a1da1656",
        "rootSn": "4f52d19b77454054aca81bc158a0e74c",
        "name": "grid_1_1",
        "sn": "4f52d19b77454054aca81bc158a0e74c",
        "type": "container",
        "title": {
          "name": "ticket5"
        },
        "background": {
          "color": "pink"
        },
        "padding": {
          "right": 10,
          "left": 10
        },
        "child": [
          {
            "biz": {
              "type": "ticket",
              "value": "a78034c274ff488c956b85632d10cd5c"
            },
            "originSn": "8287050818fb11eca2b50c42a1da1656",
            "rootSn": "cc438acafcad4c279c6d96c3884f2966",
            "name": "ticket5",
            "action": {
              "type": "article",
              "value": "663257285ae746e5ba48d37d819a6b8d"
            },
            "sn": "47d82b35441c4ee29f9420cd32d30e13",
            "type": "item",
            "parentSn": "cc438acafcad4c279c6d96c3884f2966",
            "coverImages": [
              {
                "ossId": "7e41812ed5474ff796d09ffc995cd570"
              }
            ]
          }
        ]
      },
      {
        "originSn": "83f20d39185611eca2b50c42a1da1656",
        "rootSn": "4f52d19b77454054aca81bc158a0e74c",
        "name": "grid_1_n",
        "sn": "4f52d19b77454054aca81bc158a0e74c",
        "type": "container",
        "title": {
          "name": "ticket4"
        },
        "background": {
          "color": "pink"
        },
        "padding": {
          "right": 10,
          "left": 10
        },
        "child": [
          {
            "biz": {
              "type": "ticket",
              "value": "a78034c274ff488c956b85632d10cd5c"
            },
            "originSn": "8287050818fb11eca2b50c42a1da1656",
            "rootSn": "cc438acafcad4c279c6d96c3884f2966",
            "name": "ticket4",
            "action": {
              "type": "article",
              "value": "663257285ae746e5ba48d37d819a6b8d"
            },
            "sn": "47d82b35441c4ee29f9420cd32d30e13",
            "type": "item",
            "parentSn": "cc438acafcad4c279c6d96c3884f2966",
            "coverImages": [
              {
                "ossId": "7e41812ed5474ff796d09ffc995cd570"
              }
            ]
          },
          {
            "biz": {
              "type": "ticket",
              "value": "a78034c274ff488c956b85632d10cd5c"
            },
            "originSn": "8287050818fb11eca2b50c42a1da1656",
            "rootSn": "cc438acafcad4c279c6d96c3884f2966",
            "name": "ticket4",
            "action": {
              "type": "article",
              "value": "663257285ae746e5ba48d37d819a6b8d"
            },
            "sn": "47d82b35441c4ee29f9420cd32d30e13",
            "type": "item",
            "parentSn": "cc438acafcad4c279c6d96c3884f2966",
            "coverImages": [
              {
                "ossId": "7e41812ed5474ff796d09ffc995cd570"
              }
            ]
          },
          {
            "biz": {
              "type": "ticket",
              "value": "a78034c274ff488c956b85632d10cd5c"
            },
            "originSn": "8287050818fb11eca2b50c42a1da1656",
            "rootSn": "cc438acafcad4c279c6d96c3884f2966",
            "name": "ticket4",
            "action": {
              "type": "article",
              "value": "663257285ae746e5ba48d37d819a6b8d"
            },
            "sn": "47d82b35441c4ee29f9420cd32d30e13",
            "type": "item",
            "parentSn": "cc438acafcad4c279c6d96c3884f2966",
            "coverImages": [
              {
                "ossId": "7e41812ed5474ff796d09ffc995cd570"
              }
            ]
          },
          {
            "biz": {
              "type": "ticket",
              "value": "a78034c274ff488c956b85632d10cd5c"
            },
            "originSn": "8287050818fb11eca2b50c42a1da1656",
            "rootSn": "cc438acafcad4c279c6d96c3884f2966",
            "name": "ticket4",
            "action": {
              "type": "article",
              "value": "663257285ae746e5ba48d37d819a6b8d"
            },
            "sn": "47d82b35441c4ee29f9420cd32d30e13",
            "type": "item",
            "parentSn": "cc438acafcad4c279c6d96c3884f2966",
            "coverImages": [
              {
                "ossId": "7e41812ed5474ff796d09ffc995cd570"
              }
            ]
          },
          {
            "biz": {
              "type": "ticket",
              "value": "a78034c274ff488c956b85632d10cd5c"
            },
            "originSn": "8287050818fb11eca2b50c42a1da1656",
            "rootSn": "cc438acafcad4c279c6d96c3884f2966",
            "name": "ticket4",
            "action": {
              "type": "article",
              "value": "663257285ae746e5ba48d37d819a6b8d"
            },
            "sn": "47d82b35441c4ee29f9420cd32d30e13",
            "type": "item",
            "parentSn": "cc438acafcad4c279c6d96c3884f2966",
            "coverImages": [
              {
                "ossId": "7e41812ed5474ff796d09ffc995cd570"
              }
            ]
          }
        ]
      },
      {
        "originSn": "83f20d39185611eca2b50c42a1da1656",
        "rootSn": "4f52d19b77454054aca81bc158a0e74c",
        "name": "grid_1_1",
        "sn": "4f52d19b77454054aca81bc158a0e74c",
        "type": "container",
        "title": {
          "name": "society1"
        },
        "background": {
          "color": "pink"
        },
        "padding": {
          "right": 10,
          "left": 10
        },
        "gridPadding": {
          "col": 5
        },
        "child": [
          {
            "biz": {
              "type": "society",
              "value": "gdgkjcysh"
            },
            "originSn": "8287050818fb11eca2b50c42a1da1656",
            "rootSn": "cc438acafcad4c279c6d96c3884f2966",
            "name": "society1",
            "action": {
              "type": "article",
              "value": "663257285ae746e5ba48d37d819a6b8d"
            },
            "sn": "47d82b35441c4ee29f9420cd32d30e13",
            "type": "item",
            "parentSn": "cc438acafcad4c279c6d96c3884f2966",
            "coverImages": [
              {
                "ossId": "6321cdf15c7c49bfa81a5c116cae84eb"
              }
            ]
          }
        ]
      },
      {
        "originSn": "83f20d39185611eca2b50c42a1da1656",
        "rootSn": "4f52d19b77454054aca81bc158a0e74c",
        "name": "grid_1_2",
        "sn": "4f52d19b77454054aca81bc158a0e74c",
        "type": "container",
        "title": {
          "name": "activity1"
        },
        "background": {
          "color": "pink"
        },
        "padding": {
          "right": 10,
          "left": 10
        },
        "gridPadding": {
          "col": 5
        },
        "child": [
          {
            "biz": {
              "type": "activity",
              "value": "9251b3abd83245e0abd1d1c79d6bdaee"
            },
            "originSn": "8287050818fb11eca2b50c42a1da1656",
            "rootSn": "cc438acafcad4c279c6d96c3884f2966",
            "name": "activity1",
            "action": {
              "type": "article",
              "value": "663257285ae746e5ba48d37d819a6b8d"
            },
            "sn": "47d82b35441c4ee29f9420cd32d30e13",
            "type": "item",
            "parentSn": "cc438acafcad4c279c6d96c3884f2966",
            "coverImages": [
              {
                "ossId": "5bab36a149f140fcb7b14490f03ce53b"
              }
            ]
          },
          {
            "biz": {
              "type": "activity",
              "value": "9251b3abd83245e0abd1d1c79d6bdaee"
            },
            "originSn": "8287050818fb11eca2b50c42a1da1656",
            "rootSn": "cc438acafcad4c279c6d96c3884f2966",
            "name": "activity1",
            "action": {
              "type": "article",
              "value": "663257285ae746e5ba48d37d819a6b8d"
            },
            "sn": "47d82b35441c4ee29f9420cd32d30e13",
            "type": "item",
            "parentSn": "cc438acafcad4c279c6d96c3884f2966",
            "coverImages": [
              {
                "ossId": "5bab36a149f140fcb7b14490f03ce53b"
              }
            ]
          }
        ]
      },
      {
        "originSn": "83f20d39185611eca2b50c42a1da1656",
        "rootSn": "4f52d19b77454054aca81bc158a0e74c",
        "name": "grid_1_1",
        "sn": "4f52d19b77454054aca81bc158a0e74c",
        "type": "container",
        "title": {
          "name": "activity2"
        },
        "background": {
          "color": "pink"
        },
        "padding": {
          "right": 10,
          "left": 10
        },
        "gridPadding": {
          "col": 5
        },
        "child": [
          {
            "biz": {
              "type": "activity",
              "value": "9251b3abd83245e0abd1d1c79d6bdaee"
            },
            "originSn": "8287050818fb11eca2b50c42a1da1656",
            "rootSn": "cc438acafcad4c279c6d96c3884f2966",
            "name": "activity2",
            "action": {
              "type": "article",
              "value": "663257285ae746e5ba48d37d819a6b8d"
            },
            "sn": "47d82b35441c4ee29f9420cd32d30e13",
            "type": "item",
            "parentSn": "cc438acafcad4c279c6d96c3884f2966",
            "coverImages": [
              {
                "ossId": "5bab36a149f140fcb7b14490f03ce53b"
              }
            ]
          }
        ]
      },
      {
        "originSn": "83f20d39185611eca2b50c42a1da1656",
        "rootSn": "4f52d19b77454054aca81bc158a0e74c",
        "name": "grid_1_1",
        "sn": "4f52d19b77454054aca81bc158a0e74c",
        "type": "container",
        "title": {
          "name": "good1"
        },
        "background": {
          "color": "pink"
        },
        "padding": {
          "right": 10,
          "left": 10
        },
        "child": [
          {
            "biz": {
              "type": "goods",
              "value": "ce2acef3772446a2a67e7436f3d93563"
            },
            "originSn": "8287050818fb11eca2b50c42a1da1656",
            "rootSn": "cc438acafcad4c279c6d96c3884f2966",
            "name": "goods1",
            "action": {
              "type": "goods",
              "value": "2c86821942a249cf80f942bfc3848d7e"
            },
            "sn": "47d82b35441c4ee29f9420cd32d30e13",
            "type": "item",
            "parentSn": "cc438acafcad4c279c6d96c3884f2966",
            "coverImages": [
              {
                "ossId": "22d1393466564a88924590d927e33d2c"
              }
            ]
          }
        ]
      },
      {
        "originSn": "83f20d39185611eca2b50c42a1da1656",
        "rootSn": "4f52d19b77454054aca81bc158a0e74c",
        "name": "grid_1_2",
        "sn": "4f52d19b77454054aca81bc158a0e74c",
        "type": "container",
        "title": {
          "name": "good2"
        },
        "background": {
          "color": "pink"
        },
        "padding": {
          "right": 10,
          "left": 10
        },
        "gridPadding": {
          "col": 10
        },
        "child": [
          {
            "biz": {
              "type": "goods",
              "value": "ce2acef3772446a2a67e7436f3d93563"
            },
            "originSn": "8287050818fb11eca2b50c42a1da1656",
            "rootSn": "cc438acafcad4c279c6d96c3884f2966",
            "name": "goods2",
            "action": {
              "type": "goods",
              "value": "2c86821942a249cf80f942bfc3848d7e"
            },
            "sn": "47d82b35441c4ee29f9420cd32d30e13",
            "type": "item",
            "parentSn": "cc438acafcad4c279c6d96c3884f2966",
            "coverImages": [
              {
                "ossId": "22d1393466564a88924590d927e33d2c"
              }
            ]
          },
          {
            "biz": {
              "type": "goods",
              "value": "ce2acef3772446a2a67e7436f3d93563"
            },
            "originSn": "8287050818fb11eca2b50c42a1da1656",
            "rootSn": "cc438acafcad4c279c6d96c3884f2966",
            "name": "goods2",
            "action": {
              "type": "goods",
              "value": "2c86821942a249cf80f942bfc3848d7e"
            },
            "sn": "47d82b35441c4ee29f9420cd32d30e13",
            "type": "item",
            "parentSn": "cc438acafcad4c279c6d96c3884f2966",
            "coverImages": [
              {
                "ossId": "22d1393466564a88924590d927e33d2c"
              }
            ]
          }
        ]
      },
      {
        "originSn": "83f20d39185611eca2b50c42a1da1656",
        "rootSn": "4f52d19b77454054aca81bc158a0e74c",
        "name": "grid_1_3",
        "sn": "4f52d19b77454054aca81bc158a0e74c",
        "type": "container",
        "title": {
          "name": "shop1"
        },
        "background": {
          "color": "pink"
        },
        "gridPadding": {
          "col": 10
        },
        "padding": {
          "right": 10,
          "left": 10
        },
        "child": [
          {
            "biz": {
              "type": "shop",
              "value": "eb0dc0268ca543199cd81ef29c2bf6db"
            },
            "originSn": "8287050818fb11eca2b50c42a1da1656",
            "rootSn": "cc438acafcad4c279c6d96c3884f2966",
            "name": "shop1",
            "action": {
              "type": "goods",
              "value": "2c86821942a249cf80f942bfc3848d7e"
            },
            "sn": "47d82b35441c4ee29f9420cd32d30e13",
            "type": "item",
            "parentSn": "cc438acafcad4c279c6d96c3884f2966",
            "coverImages": [
              {
                "ossId": "22d1393466564a88924590d927e33d2c"
              }
            ]
          },
          {
            "biz": {
              "type": "shop",
              "value": "eb0dc0268ca543199cd81ef29c2bf6db"
            },
            "originSn": "8287050818fb11eca2b50c42a1da1656",
            "rootSn": "cc438acafcad4c279c6d96c3884f2966",
            "name": "shop1",
            "action": {
              "type": "goods",
              "value": "2c86821942a249cf80f942bfc3848d7e"
            },
            "sn": "47d82b35441c4ee29f9420cd32d30e13",
            "type": "item",
            "parentSn": "cc438acafcad4c279c6d96c3884f2966",
            "coverImages": [
              {
                "ossId": "22d1393466564a88924590d927e33d2c"
              }
            ]
          },
          {
            "biz": {
              "type": "shop",
              "value": "eb0dc0268ca543199cd81ef29c2bf6db"
            },
            "originSn": "8287050818fb11eca2b50c42a1da1656",
            "rootSn": "cc438acafcad4c279c6d96c3884f2966",
            "name": "shop1",
            "action": {
              "type": "goods",
              "value": "2c86821942a249cf80f942bfc3848d7e"
            },
            "sn": "47d82b35441c4ee29f9420cd32d30e13",
            "type": "item",
            "parentSn": "cc438acafcad4c279c6d96c3884f2966",
            "coverImages": [
              {
                "ossId": "22d1393466564a88924590d927e33d2c"
              }
            ]
          }
        ]
      },
      {
        "originSn": "83f20d39185611eca2b50c42a1da1656",
        "rootSn": "4f52d19b77454054aca81bc158a0e74c",
        "name": "grid_1_1",
        "sn": "4f52d19b77454054aca81bc158a0e74c",
        "type": "container",
        "title": {
          "name": "shop1"
        },
        "background": {
          "color": "pink"
        },
        "padding": {
          "right": 10,
          "left": 10
        },
        "child": [
          {
            "biz": {
              "type": "shop",
              "value": "eb0dc0268ca543199cd81ef29c2bf6db"
            },
            "originSn": "8287050818fb11eca2b50c42a1da1656",
            "rootSn": "cc438acafcad4c279c6d96c3884f2966",
            "name": "shop2",
            "action": {
              "type": "goods",
              "value": "2c86821942a249cf80f942bfc3848d7e"
            },
            "sn": "47d82b35441c4ee29f9420cd32d30e13",
            "type": "item",
            "parentSn": "cc438acafcad4c279c6d96c3884f2966",
            "coverImages": [
              {
                "ossId": "22d1393466564a88924590d927e33d2c"
              }
            ]
          }
        ]
      },
      {
        "originSn": "83f20d39185611eca2b50c42a1da1656",
        "rootSn": "4f52d19b77454054aca81bc158a0e74c",
        "name": "grid_1_1",
        "sn": "4f52d19b77454054aca81bc158a0e74c",
        "type": "container",
        "title": {
          "name": "article1"
        },
        "background": {
          "color": "pink"
        },
        "padding": {
          "right": 10,
          "left": 10
        },
        "child": [
          {
            "biz": {
              "type": "article",
              "value": "663257285ae746e5ba48d37d819a6b8d"
            },
            "originSn": "8287050818fb11eca2b50c42a1da1656",
            "rootSn": "cc438acafcad4c279c6d96c3884f2966",
            "name": "article1",
            "action": {
              "type": "article",
              "value": "663257285ae746e5ba48d37d819a6b8d"
            },
            "sn": "47d82b35441c4ee29f9420cd32d30e13",
            "type": "item",
            "parentSn": "cc438acafcad4c279c6d96c3884f2966",
            "coverImages": [
              {
                "ossId": "7e41812ed5474ff796d09ffc995cd570"
              }
            ]
          }
        ]
      }
    ],
    "942c103891f74f04a9f4a4b13f2fb61a": [
      {
        "originSn": "83f20d39185611eca2b50c42a1da1656",
        "rootSn": "7c3b6fb10560452895db050032b61dec",
        "name": "grid_1_1",
        "sn": "7c3b6fb10560452895db050032b61dec",
        "type": "container",
        "parentSn": "942c103891f74f04a9f4a4b13f2fb61a",
        "child": [
          {
            "originSn": "938b50972b3011eca2b50c42a1da1656",
            "borderRadius": 0,
            "data": {
              "itemList": [
                {
                  "image": "57995de460aa499f9921070fbaf47841",
                  "action": {
                    "type": "goods",
                    "value": "90678d6f81d74389bf056b5c3499e218"
                  }
                },
                {
                  "image": "d4c3a16fef2c402bb1dfe9e958871a35",
                  "action": {
                    "type": "goods",
                    "value": "90678d6f81d74389bf056b5c3499e218"
                  }
                }
              ]
            },
            "rootSn": "7c3b6fb10560452895db050032b61dec",
            "name": "banner",
            "sn": "05baea05d5bd4502a5776ce85d9d3025",
            "type": "item",
            "parentSn": "7c3b6fb10560452895db050032b61dec"
          }
        ]
      }
    ],
    "c6245e6749ff4edcaf5de2c8d7df6267": [
      {
        "originSn": "83f20d39185611eca2b50c42a1da1656",
        "rootSn": "37706f5b46db4c518bcfa15e4249fbd3",
        "name": "grid_1_1",
        "sn": "37706f5b46db4c518bcfa15e4249fbd3",
        "type": "container",
        "parentSn": "833c44fb664146479c7a76e2c1ecddde",
        "child": [
          {
            "originSn": "938b50972b3011eca2b50c42a1da1656",
            "rootSn": "37706f5b46db4c518bcfa15e4249fbd3",
            "name": "banner",
            "data": {
              "itemList": [
                {
                  "image": "d4c3a16fef2c402bb1dfe9e958871a35",
                  "action": {
                    "type": "goods",
                    "value": "90678d6f81d74389bf056b5c3499e218"
                  }
                },
                {
                  "image": "d4c3a16fef2c402bb1dfe9e958871a35",
                  "action": {
                    "type": "goods",
                    "value": "90678d6f81d74389bf056b5c3499e218"
                  }
                }
              ]
            },
            "sn": "b7c7583b09b8476d9649889897349e6f",
            "type": "item",
            "parentSn": "37706f5b46db4c518bcfa15e4249fbd3"
          }
        ]
      },
      {
        "originSn": "ad126665185523f234b50c42a1dacdsf",
        "rootSn": "266b81961bfe49038efa304b48ce6e37",
        "name": "grid_1_4",
        "sn": "266b81961bfe49038efa304b48ce6e37",
        "type": "container",
        "parentSn": "833c44fb664146479c7a76e2c1ecddde",
        "child": [
          {
            "originSn": "a6efeefd2b3211eca2b50c42a1da1656",
            "rootSn": "266b81961bfe49038efa304b48ce6e37",
            "name": "article2",
            "style": {
              "width": 100
            },
            "sn": "eb04c1dc270c4cad970f7a4b02ac0d15",
            "type": "item",
            "parentSn": "266b81961bfe49038efa304b48ce6e37"
          }
        ]
      },
      {
        "originSn": "b7ff815a18fb11eca2b50c42a1da1656",
        "rootSn": "7e816e8d4a7f4cb8af629d7857ee0f9a",
        "name": "grid_3_3",
        "sn": "7e816e8d4a7f4cb8af629d7857ee0f9a",
        "type": "container",
        "parentSn": "833c44fb664146479c7a76e2c1ecddde",
        "child": [
          {
            "originSn": "9a0149502b3211eca2b50c42a1da1656",
            "rootSn": "7e816e8d4a7f4cb8af629d7857ee0f9a",
            "name": "activity1",
            "style": {
              "width": 100
            },
            "sn": "98c1b0e16f6b42ee8a492907c2300a85",
            "type": "item",
            "parentSn": "7e816e8d4a7f4cb8af629d7857ee0f9a"
          }
        ]
      },
      {
        "originSn": "83f20d39185611eca2b50c42a1da1656",
        "rootSn": "1d98db30ae0f4a459b48e4cd24ca5f17",
        "name": "grid_1_1",
        "sn": "1d98db30ae0f4a459b48e4cd24ca5f17",
        "type": "container",
        "parentSn": "833c44fb664146479c7a76e2c1ecddde",
        "child": [
          {
            "originSn": "8e0480a02b3211eca2b50c42a1da1656",
            "rootSn": "1d98db30ae0f4a459b48e4cd24ca5f17",
            "name": "society2",
            "style": {
              "width": 100
            },
            "sn": "1e171b17b5f546b2896b45727767e6a6",
            "type": "item",
            "parentSn": "1d98db30ae0f4a459b48e4cd24ca5f17"
          }
        ]
      }
    ]
  }
}
