{
  "component": true,
  "usingComponents": {
    "kmjs-shops":"../../components/shops/shops",
    "kmjs-productDouble":"../../components/productlist-double",
    "kmjs-rowFour":"../../components/row-show-four",
    "kmjs-staticBanner":"../../components/static-banner",
    "kmjs-search":"../../components/search",
    "kmjs-share-bill": "../../components/share-bill/share-bill",
    "kmjs-swiper": "../../components/swiper/swiper",
    "kmjs-good-select-count": "../../components/good-select-count/index",
    "kmjs-one-row-goods": "../../components/one-row-goods/one-row-goods",
    "kmjs-manage-item": "../../components/manage-item",
    "kmjs-img-tabs": "../../components/img-tabs/img-tabs",
    "kmjs-expo-item": "../../components/beauty-expo-item"
  }
}
