{
  "code": 0,
  "msg": "",
  "data": {
    "parentConfig": {
      "labelWidth": "150px",
      "inline": false,
      "labelPosition": "left",
      "dictionary": []
    },
    "itemData": [
      {
        "type": "text",
        "label": "公司名称",
        "defaultValue": "",
        "key": "companyName",
        "placeholder": "请输入公司名称",
        "validNames": [
          "required"
        ]
      },
      {
        "type": "text",
        "label": "统一社会信用代码",
        "defaultValue": "",
        "key": "companyCode",
        "placeholder": "",
        "validNames": [
          "required"
        ]
      },
      {
        "type": "date",
        "label": "有效期截止",
        "defaultValue": "",
        "key": "date",
        "placeholder": "",
        "validNames": [
          "required"
        ],
        "dataConfig": {
          "dateBefore": 0,
          "dateAfter": 0,
          "canPlay": false,
          "dateRanger": "2021-06-16,2021-06-16"
        }
      },
      {
        "type": "text",
        "label": "法人姓名",
        "defaultValue": "",
        "key": "manName",
        "placeholder": "",
        "validNames": [
          "required"
        ]
      },
      {
        "type": "text",
        "label": "法人身份证号",
        "defaultValue": "",
        "key": "manCardNumber",
        "placeholder": "",
        "validNames": [
          "required"
        ]
      },
      {
        "type": "date",
        "label": "身份证有效期",
        "defaultValue": "",
        "key": "manCardDate",
        "placeholder": "",
        "validNames": [
          "required"
        ],
        "dataConfig": {
          "dateBefore": 0,
          "dateAfter": 0,
          "canPlay": false,
          "dateRanger": "2021-06-16,2021-06-16"
        }
      },
      {
        "type": "checkbox",
        "label": "测试",
        "defaultValue": "",
        "key": "testa",
        "input": [
          {
            "label": "长期",
            "defaultValue": "long"
          }
        ]
      }
    ]
  }
}
