{
  "code": 0,
  "data": {
    "a": [
      {
        "label": "a",
        "value": "a"
      },
      {
        "label": "b",
        "value": "b"
      },
      {
        "label": "c",
        "value": "c"
      },
      {
        "label": "d",
        "value": "d"
      },
      {
        "label": "e",
        "value": "e"
      },
      {
        "label": "f",
        "value": "f"
      }
    ],
    "b": [
      {
        "label": "ab",
        "value": "ab"
      },
      {
        "label": "bb",
        "value": "bb"
      },
      {
        "label": "cb",
        "value": "cb"
      },
      {
        "label": "db",
        "value": "db"
      },
      {
        "label": "eb",
        "value": "eb"
      },
      {
        "label": "fb",
        "value": "fb"
      }
    ]
  }
}
