{
  "code": 0,
  "msg": "错误信息",
  "data": {
    "url": "/api/test",
    "search": {
      "defaultSuggest": "默认联想",
      "filters": [
        {
          "label": "年月日选择器",
          "key": "key01",
          "type": "datePickerDate",
          "attrs": {
            "defaultValue": "2021-06-10",
            "placeholder": "",
            "clearable": true,
            "enableDate": {
              "start": 10,
              "end":10
            }
          }
        },
        {
          "label": "年月日选择器(带区间)",
          "key": "key02",
          "type": "datePickerDateRange",
          "defaultValue": []
        },
        {
          "label": "时分秒选择器",
          "key": "key03",
          "type": "datePickerTime",
          "defaultValue": ""
        },
        {
          "label": "时分秒选择器(带区间)",
          "key": "key04",
          "type": "datePickerTimeRange",
          "defaultValue": []
        },
        {
          "label": "数字输入框",
          "key": "key05",
          "type": "inputNumber",
          "defaultValue": ""
        },
        {
          "label": "文本输入款",
          "key": "key06",
          "type": "inputText",
          "defaultValue": ""
        },
        {
          "label": "自带数据选择器",
          "key": "key07",
          "type": "select",
          "value": [
            {
              "label": "label1",
              "value": "1"
            },
            {
              "label": "label2",
              "value": "2"
            }
          ],
          "defaultValue": ""
        },
        {
          "label": "字典表选择器",
          "key": "key08",
          "type": "selectDict",
          "value": "dictKeyWord",
          "defaultValue": ""
        },
        {
          "label": "字典表选择器(多选)",
          "key": "key09",
          "type": "selectDictMultiple",
          "value": "dictKeyWordMultiple",
          "defaultValue": []
        },
        {
          "label": "自带数据选择器(多选)",
          "key": "key10",
          "type": "selectMultiple",
          "value": [
            {
              "label": "label1",
              "value": "1"
            },
            {
              "label": "label2",
              "value": "2"
            }
          ],
          "defaultValue": []
        },
        {
          "label": "建议项",
          "key": "key11",
          "type": "suggest",
          "value": "suggestKey",
          "defaultValue": ""
        }
      ]
    },
    "handleButton": [
      {
        "label": "新增",
        "key": "add"
      },
      {
        "label": "编辑",
        "key": "edit"
      }
    ],
    "table": {
      "columns": [
        {
          "prop": "key01",
          "label": "表头01"
        },
        {
          "prop": "key02",
          "label": "表头02"
        },
        {
          "prop": "key03",
          "label": "表头03"
        },
        {
          "prop": "key04",
          "label": "表头04"
        },
        {
          "prop": "key05",
          "label": "表头05"
        },
        {
          "prop": "key06",
          "label": "表头06"
        },
        {
          "prop": "key07",
          "label": "表头07"
        },
        {
          "prop": "key08",
          "label": "表头08"
        },
        {
          "prop": "key09",
          "label": "表头09"
        },
        {
          "prop": "key10",
          "label": "表头10"
        },
        {
          "prop": "key11",
          "label": "表头11"
        }
      ],
      "buttons": [
        {
          "label": "删除",
          "key": "delete"
        }
      ]
    }
  }
}