{
  "code": 0,
  "msg": "错误信息",
  "data": {
    "url": "/api/test",
    "search": {
      "defaultSuggest": "默认联想",
      "filters": [
        {
          "componentType": "datePicker",
          "label": "年月日选择器",
          "key": "key01",
          "type": "date",
          "range": false,
          "attrs": {
            "defaultValue": "",
            "clearable": true,
            "enableDate": {
              "start": 10,
              "end": 10
            }
          }
        },
        {
          "componentType": "datePicker",
          "label": "年月日选择器(带区间)",
          "key": "key02",
          "type": "date",
          "range": true,
          "attrs": {
            "defaultValue": "",
            "clearable": true,
            "enableDate": {
              "start": 10,
              "end": 10
            }
          }
        },
        {
          "componentType": "datePicker",
          "label": "时分秒选择器",
          "key": "key03",
          "type": "time",
          "range": false,
          "attrs": {
            "defaultValue": "",
            "clearable": true,
            "enableDate": {
              "start": 10,
              "end": 10
            }
          }
        },
        {
          "componentType": "datePicker",
          "label": "时分秒选择器(带区间)",
          "key": "key04",
          "type": "time",
          "range": true,
          "attrs": {
            "defaultValue": "",
            "clearable": true,
            "enableDate": {
              "start": 10,
              "end": 10
            }
          }
        },
        {
          "componentType": "input",
          "label": "数字输入框",
          "key": "key05",
          "type": "number",
          "defaultValue": {
            "clearable": true,
            "placeholder": "123"
          }
        },
        {
          "componentType": "input",
          "label": "文本输入款",
          "key": "key06",
          "type": "text",
          "defaultValue": {
            "clearable": true
          }
        },
        {
          "componentType": "select",
          "label": "自带数据选择器",
          "key": "key07",
          "type": "select",
          "multiple": false,
          "options": [
            {
              "label": "label1",
              "value": "1"
            },
            {
              "label": "label2",
              "value": "2"
            }
          ],
          "attrs": {}
        },
        {
          "componentType": "select",
          "label": "字典表选择器",
          "key": "key08",
          "type": "selectDict",
          "dictValue": "dictKeyWord",
          "multiple": false
        },
        {
          "componentType": "select",
          "label": "自带数据选择器",
          "key": "key09",
          "type": "select",
          "multiple": true,
          "options": [
            {
              "label": "label1",
              "value": "1"
            },
            {
              "label": "label2",
              "value": "2"
            }
          ],
          "attrs": {}
        },
        {
          "componentType": "select",
          "label": "字典表选择器",
          "key": "key10",
          "type": "selectDict",
          "dictValue": "dictKeyWord",
          "multiple": true
        },
        {
          "componentType": "input",
          "label": "建议项",
          "key": "key011",
          "type": "suggest",
          "suggestKey": "suggestKey",
          "attrs": {
            "clearable": true
          }
        }
      ]
    },
    "handleButton": [
      {
        "label": "新增",
        "key": "add"
      },
      {
        "label": "编辑",
        "key": "edit"
      }
    ],
    "table": {
      "columns": [
        {
          "prop": "key01",
          "label": "表头01",
          "rowSpan": {
            "row": 2
          }
        },
        {
          "prop": "key02",
          "label": "表头02"
        },
        {
          "prop": "key03",
          "label": "表头03",
          "rowSpan": {
            "row": 2
          }
        },
        {
          "prop": "key04",
          "label": "表头04"
        },
        {
          "prop": "key05",
          "label": "表头05"
        },
        {
          "prop": "key06",
          "label": "表头06"
        },
        {
          "prop": "key07",
          "label": "表头07"
        },
        {
          "prop": "key08",
          "label": "表头08"
        },
        {
          "prop": "key09",
          "label": "表头09"
        },
        {
          "prop": "key10",
          "label": "表头10"
        },
        {
          "prop": "key11",
          "label": "表头11"
        }
      ],
      "buttons": [
        {
          "label": "删除",
          "key": "delete"
        }
      ]
    }
  }
}
