{
    "setting": {},
    "condition": {
        "plugin": {
            "list": []
        },
        "game": {
            "list": []
        },
        "gamePlugin": {
            "list": []
        },
        "miniprogram": {
            "list": [
                {
                    "id": -1,
                    "name": "pages/order-data/index",
                    "pathName": "pages/order-data/index",
                    "query": "",
                    "scene": null
                },
                {
                    "id": 1,
                    "name": "pages/self/self",
                    "pathName": "pages/self/self",
                    "query": "",
                    "scene": null
                },
                {
                    "id": -1,
                    "name": "pages/order-detail/index",
                    "pathName": "pages/order-detail/index",
                    "query": "",
                    "scene": null
                },
                {
                    "id": -1,
                    "name": "pages/logisticsInfo/index",
                    "pathName": "pages/logisticsInfo/index",
                    "query": "",
                    "scene": null
                },
                {
                    "name": "商品详情",
                    "pathName": "pages/goods-detail/index",
                    "query": "sn=8c3a6bcfc03240d9990f9eceafe23b43",
                    "scene": null,
                    "launchMode": "default"
                },
                {
                    "name": "进货单",
                    "pathName": "pages/purchase-list/index",
                    "query": "",
                    "scene": null
                },
                {
                    "name": "店铺主页",
                    "pathName": "packageA/pages/shop-home/index",
                    "query": "sn=8b4cfc7a8bc840799f05601732a6edf3",
                    "launchMode": "default",
                    "scene": null
                },
                {
                    "name": "拼团详情",
                    "pathName": "pages/spelling-detail/index",
                    "query": "scene=9b2b6313846c4a5b915d4ff988318317",
                    "launchMode": "default",
                    "scene": null
                }
            ]
        }
    }
}