{
  "description": "项目配置文件，详见文档：https://developers.weixin.qq.com/miniprogram/dev/devtools/projectconfig.html",
  "packOptions": {
    "ignore": [
      {
        "value": "upload",
        "type": "folder"
      }
    ],
    "include": []
  },
  "setting": {
    "urlCheck": true,
    "es6": true,
    "enhance": true,
    "postcss": true,
    "preloadBackgroundData": false,
    "minified": true,
    "newFeature": false,
    "coverView": true,
    "nodeModules": false,
    "autoAudits": false,
    "showShadowRootInWxmlPanel": true,
    "scopeDataCheck": false,
    "uglifyFileName": false,
    "checkInvalidKey": true,
    "checkSiteMap": true,
    "uploadWithSourceMap": true,
    "compileHotReLoad": false,
    "lazyloadPlaceholderEnable": false,
    "useMultiFrameRuntime": true,
    "useApiHook": true,
    "useApiHostProcess": true,
    "babelSetting": {
      "ignore": [],
      "disablePlugins": [],
      "outputPath": ""
    },
    "enableEngineNative": false,
    "useIsolateContext": true,
    "userConfirmedBundleSwitch": false,
    "packNpmManually": false,
    "packNpmRelationList": [],
    "minifyWXSS": true,
    "disableUseStrict": false,
    "showES6CompileOption": false,
    "useCompilerPlugins": false,
    "minifyWXML": true,
    "useStaticServer": true
  },
  "compileType": "miniprogram",
  "libVersion": "2.18.0",
  "appid": "wx7e6f99ae9d72bdc5",
  "projectname": "kmjs-wx-ec",
  "simulatorType": "wechat",
  "simulatorPluginLibVersion": {},
  "condition": {
    "miniprogram": {
      "list": [
        {
          "name": "pages/order-data/index",
          "pathName": "pages/order-data/index",
          "query": "",
          "scene": null
        },
        {
          "name": "pages/self/self",
          "pathName": "pages/self/self",
          "query": "",
          "scene": null
        },
        {
          "name": "pages/order-detail/index",
          "pathName": "pages/order-detail/index",
          "query": "",
          "scene": null
        },
        {
          "name": "pages/logisticsInfo/index",
          "pathName": "pages/logisticsInfo/index",
          "query": "",
          "scene": null
        }
      ]
    }
  },
  "editorSetting": {
    "tabIndent": "insertSpaces",
    "tabSize": 2
  }
}