[
	{
		"name": "activity_administrator",
		"url": "https://resource.kmyun.cn/kmjs-wx-activity/activity_administrator.png"
	},
	{
		"name": "activity_apply",
		"url": "https://resource.kmyun.cn/kmjs-wx-activity/activity_apply.png"
	},
	{
		"name": "activity_share",
		"url": "https://resource.kmyun.cn/kmjs-wx-activity/activity_share.png"
	},
	{
		"name": "activity_ticket",
		"url": "https://resource.kmyun.cn/kmjs-wx-activity/activity_ticket.png"
	},
	{
		"name": "my_activity_check",
		"url": "https://resource.kmyun.cn/kmjs-wx-activity/my_activity_check.png"
	},
	{
		"name": "my_activity_ticket",
		"url": "https://resource.kmyun.cn/kmjs-wx-activity/my_activity_ticket.png"
	},
	{
		"name": "kmjs_logo",
		"url": "https://resource.kmyun.cn/kmjs-wx-activity/kmjs_logo.png"
	},
	{
		"name": "back_black",
		"url": "https://resource.kmyun.cn/kmjs-wx-activity/back_black.png"
	},
	{
		"name": "back_white",
		"url": "https://resource.kmyun.cn/kmjs-wx-activity/back_white.png"
	},
	{
		"name": "close",
		"url": "https://resource.kmyun.cn/kmjs-wx-activity/close.png"
	},
	{
		"name": "qrcode",
		"url": "https://resource.kmyun.cn/kmjs-wx-activity/qrcode.png"
	},
	{
		"name": "succ-icon-white",
		"url": "https://resource.kmyun.cn/kmjs-wx-activity/succ-icon-white.png"
	},
	{
		"name": "close-page-icon",
		"url": "https://resource.kmyun.cn/kmjs-wx-activity/close-page-icon.png"
	},
	{
		"name": "head-img",
		"url": "https://resource.kmyun.cn/kmjs-wx-activity/head-img.png"
	},
	{
		"name": "succ-logo-blue",
		"url": "https://resource.kmyun.cn/kmjs-wx-activity/succ-logo-blue.png"
	},
	{
		"name": "checked-blue",
		"url": "https://resource.kmyun.cn/kmjs-wx-activity/checked-blue.png"
	},
	{
		"name": "order_success",
		"url": "https://resource.kmyun.cn/kmjs-wx-activity/order_success.png"
	},
	{
		"name": "ticket-icon",
		"url": "https://resource.kmyun.cn/kmjs-wx-activity/ticket-icon.png"
	},
	{
		"name": "time-icon",
		"url": "https://resource.kmyun.cn/kmjs-wx-activity/time-icon.png"
	},
	{
		"name": "ticket-tips",
		"url": "https://resource.kmyun.cn/kmjs-wx-activity/ticket-tips.png"
	},
	{
		"name": "share",
		"url": "https://resource.kmyun.cn/kmjs-wx-activity/share.png"
	},
	{
		"name": "ticket_clear",
		"url": "https://resource.kmyun.cn/kmjs-wx-activity/ticket_clear.png"
	},
	{
		"name": "ticket_edit",
		"url": "https://resource.kmyun.cn/kmjs-wx-activity/ticket_edit.png"
	},
	{
		"name": "ticket_start",
		"url": "https://resource.kmyun.cn/kmjs-wx-activity/ticket_start.png"
	},
	{
		"name": "ticket_stop",
		"url": "https://resource.kmyun.cn/kmjs-wx-activity/ticket_stop.png"
	},
	{
		"name": "apply_no_data",
		"url": "https://resource.kmyun.cn/kmjs-wx-activity/apply_no_data.png"
	},
	{
		"name": "delete-icon1",
		"url": "https://resource.kmyun.cn/kmjs-wx-activity/delete-icon1.png"
	},
	{
		"name": "delete-icon",
		"url": "https://resource.kmyun.cn/kmjs-wx-activity/delete-icon.png"
	},
	{
		"name": "add-photo",
		"url": "https://resource.kmyun.cn/kmjs-wx-activity/add-photo.png"
	},
	{
		"name": "camera-logo",
		"url": "https://resource.kmyun.cn/kmjs-wx-activity/camera-logo.png"
	},
	{
		"name": "scan-line2",
		"url": "https://resource.kmyun.cn/kmjs-wx-activity/scan-line2.png"
	},
	{
		"name": "scan-line1",
		"url": "https://resource.kmyun.cn/kmjs-wx-activity/scan-line1.png"
	},
	{
		"name": "camera-border",
		"url": "https://resource.kmyun.cn/kmjs-wx-activity/camera-border.png"
	},
	{
		"name": "scan-line",
		"url": "https://resource.kmyun.cn/kmjs-wx-activity/scan-line.png"
	},
	{
		"name": "scan-icon",
		"url": "https://resource.kmyun.cn/kmjs-wx-activity/scan-icon.png"
	},
	{
		"name": "status-cel",
		"url": "https://resource.kmyun.cn/kmjs-wx-activity/status-cel.png"
	},
	{
		"name": "status-end",
		"url": "https://resource.kmyun.cn/kmjs-wx-activity/status-end.png"
	},
	{
		"name": "status-ing",
		"url": "https://resource.kmyun.cn/kmjs-wx-activity/status-ing.png"
	},
	{
		"name": "status-pay",
		"url": "https://resource.kmyun.cn/kmjs-wx-activity/status-pay.png"
	},
	{
		"name": "poster-circle",
		"url": "https://resource.kmyun.cn/kmjs-wx-activity/poster-circle.png"
	},
	{
		"name": "wx-circle",
		"url": "https://resource.kmyun.cn/kmjs-wx-activity/wx-circle.png"
	},
	{
		"name": "jinxingzhong",
		"url": "https://resource.kmyun.cn/kmjs-wx-activity/jinxingzhong.png"
	},
	{
		"name": "minus-icon",
		"url": "https://resource.kmyun.cn/kmjs-wx-activity/minus-icon.png"
	},
	{
		"name": "check-empty",
		"url": "https://resource.kmyun.cn/kmjs-wx-activity/check-empty.png"
	},
	{
		"name": "check-fill",
		"url": "https://resource.kmyun.cn/kmjs-wx-activity/check-fill.png"
	},
	{
		"name": "wx-white",
		"url": "https://resource.kmyun.cn/kmjs-wx-activity/wx-white.png"
	},
	{
		"name": "wait-pay-icon",
		"url": "https://resource.kmyun.cn/kmjs-wx-activity/wait-pay-icon.png"
	},
	{
		"name": "order-data-null",
		"url": "https://resource.kmyun.cn/kmjs-wx-activity/order-data-null.png"
	},
	{
		"name": "search-cancel",
		"url": "https://resource.kmyun.cn/kmjs-wx-activity/search-cancel.png"
	},
	{
		"name": "search-clear",
		"url": "https://resource.kmyun.cn/kmjs-wx-activity/search-clear.png"
	},
	{
		"name": "home_attention",
		"url": "https://resource.kmyun.cn/kmjs-wx-activity/home_attention.png"
	},
	{
		"name": "home_browse",
		"url": "https://resource.kmyun.cn/kmjs-wx-activity/home_browse.png"
	},
	{
		"name": "home_collect",
		"url": "https://resource.kmyun.cn/kmjs-wx-activity/home_collect.png"
	},
	{
		"name": "home_public",
		"url": "https://resource.kmyun.cn/kmjs-wx-activity/home_public.png"
	},
	{
		"name": "edit_default_avatar",
		"url": "https://resource.kmyun.cn/kmjs-wx-activity/edit_default_avatar.png"
	},
	{
		"name": "sponser_bg",
		"url": "https://resource.kmyun.cn/kmjs-wx-activity/sponser_bg.png"
	},
	{
		"name": "logo",
		"url": "https://resource.kmyun.cn/kmjs-wx-activity/logo.png"
	},
	{
		"name": "my_activity_manager",
		"url": "https://resource.kmyun.cn/kmjs-wx-activity/my_activity_manager.png"
	},
	{
		"name": "my_activity_money",
		"url": "https://resource.kmyun.cn/kmjs-wx-activity/my_activity_money.png"
	},
	{
		"name": "my_activity_public",
		"url": "https://resource.kmyun.cn/kmjs-wx-activity/my_activity_public.png"
	},
	{
		"name": "my_default_avatar",
		"url": "https://resource.kmyun.cn/kmjs-wx-activity/my_default_avatar.png"
	},
	{
		"name": "my_header_bg",
		"url": "https://resource.kmyun.cn/kmjs-wx-activity/my_header_bg.png"
	},
	{
		"name": "my_order_cancel",
		"url": "https://resource.kmyun.cn/kmjs-wx-activity/my_order_cancel.png"
	},
	{
		"name": "my_order_finish",
		"url": "https://resource.kmyun.cn/kmjs-wx-activity/my_order_finish.png"
	},
	{
		"name": "my_order_pay",
		"url": "https://resource.kmyun.cn/kmjs-wx-activity/my_order_pay.png"
	},
	{
		"name": "my_order_underway",
		"url": "https://resource.kmyun.cn/kmjs-wx-activity/my_order_underway.png"
	},
	{
		"name": "my_service_customer",
		"url": "https://resource.kmyun.cn/kmjs-wx-activity/my_service_customer.png"
	},
	{
		"name": "my_service_setting",
		"url": "https://resource.kmyun.cn/kmjs-wx-activity/my_service_setting.png"
	},
	{
		"name": "my_ticket_finish",
		"url": "https://resource.kmyun.cn/kmjs-wx-activity/my_ticket_finish.png"
	},
	{
		"name": "my_ticket_overdue",
		"url": "https://resource.kmyun.cn/kmjs-wx-activity/my_ticket_overdue.png"
	},
	{
		"name": "my_ticket_pending",
		"url": "https://resource.kmyun.cn/kmjs-wx-activity/my_ticket_pending.png"
	},
	{
		"name": "my_ticket_review",
		"url": "https://resource.kmyun.cn/kmjs-wx-activity/my_ticket_review.png"
	},
	{
		"name": "checked-square",
		"url": "https://resource.kmyun.cn/kmjs-wx-activity/checked-square.png"
	},
	{
		"name": "arrow-left-black",
		"url": "https://resource.kmyun.cn/kmjs-wx-activity/arrow-left-black.png"
	},
	{
		"name": "arrow-left-white",
		"url": "https://resource.kmyun.cn/kmjs-wx-activity/arrow-left-white.png"
	},
	{
		"name": "arrow-right-gray",
		"url": "https://resource.kmyun.cn/kmjs-wx-activity/arrow-right-gray.png"
	},
	{
		"name": "clear-icon",
		"url": "https://resource.kmyun.cn/kmjs-wx-activity/clear-icon.png"
	},
	{
		"name": "data-null",
		"url": "https://resource.kmyun.cn/kmjs-wx-activity/data-null.png"
	},
	{
		"name": "lajitong-icon",
		"url": "https://resource.kmyun.cn/kmjs-wx-activity/lajitong-icon.png"
	},
	{
		"name": "locate-icon",
		"url": "https://resource.kmyun.cn/kmjs-wx-activity/locate-icon.png"
	},
	{
		"name": "piao-jieshu",
		"url": "https://resource.kmyun.cn/kmjs-wx-activity/piao-jieshu.png"
	},
	{
		"name": "piao-jiezhi",
		"url": "https://resource.kmyun.cn/kmjs-wx-activity/piao-jiezhi.png"
	},
	{
		"name": "piao-yiman",
		"url": "https://resource.kmyun.cn/kmjs-wx-activity/piao-yiman.png"
	},
	{
		"name": "piao-zanting",
		"url": "https://resource.kmyun.cn/kmjs-wx-activity/piao-zanting.png"
	},
	{
		"name": "search-icon",
		"url": "https://resource.kmyun.cn/kmjs-wx-activity/search-icon.png"
	},
	{
		"name": "share-icon",
		"url": "https://resource.kmyun.cn/kmjs-wx-activity/share-icon.png"
	},
	{
		"name": "star-empty",
		"url": "https://resource.kmyun.cn/kmjs-wx-activity/star-empty.png"
	},
	{
		"name": "star-fill",
		"url": "https://resource.kmyun.cn/kmjs-wx-activity/star-fill.png"
	},
	{
		"name": "wx-logo",
		"url": "https://resource.kmyun.cn/kmjs-wx-activity/wx-logo.png"
	}
]