{
  "project": {
    "tableDataUrl": "/mock/project/projectList",
    "items": [
      {
        "type": "title",
        "title": "方案管理",
        "btns": [
          {
            "type": "primary",
            "label": "添加方案",
            "emit": "createNew"
          }
        ]
      },
      {
        "type": "search",
        "inputs": [
          {
            "label": "方案名称",
            "key": "name",
            "type": "text"
          },
          {
            "label": "方案状态",
            "key": "state",
            "type": "select",
            "options": [
              {
                "label": "全部",
                "value": ""
              },
              {
                "label": "待上架",
                "value": "none"
              },
              {
                "label": "已上架",
                "value": "release"
              },
              {
                "label": "已下架",
                "value": "cancel"
              }
            ]
          }
        ]
      },
      {
        "type": "table",
        "tableHead": [
          {
            "label": "方案名称",
            "key": "name"
          },
          {
            "type": "image",
            "label": "方案主图",
            "key": "mainImage"
          },
          {
            "label": "时间格式化",
            "key": "createdAt",
            "formatter": "dateTime"
          },
          {
            "type": "mapText",
            "label": "状态",
            "key": "state",
            "params": {
              "type": "local",
              "localData": {
                "none": "待上架",
                "release": "已上架",
                "cancel": "已下架"
              }
            }
          },
          {
            "type": "mapText",
            "label": "字典转换",
            "key": "dictionary",
            "params": {
              "type": "dictionary",
              "dictionaryName": "company_qualification"
            }
          },
          {
            "label": "周期",
            "key": "time",
            "type": "rangeText",
            "params": {
              "startKey": "startAt",
              "endKey": "endAt",
              "formatter": "dateTime"
            }
          },
          {
            "type": "handle",
            "label": "操作",
            "btns": [
              {
                "label": "上架",
                "emit": "putaway",
                "show": "rule",
                "rules": [
                  {
                    "columnKey": "state",
                    "columnValue": "none|cancel"
                  }
                ]
              },
              {
                "label": "下架",
                "emit": "soldOut",
                "show": "rule",
                "rules": [
                  {
                    "columnKey": "state",
                    "columnValue": "release"
                  }
                ]
              },
              {
                "label": "编辑",
                "emit": "edit"
              },
              {
                "label": "查看业务员/合伙人",
                "emit": "human"
              }
            ]
          }
        ],
        "btns": [
          {
            "label": "上架",
            "emit": "createNew"
          }
        ]
      }
    ]
  },
  "form": {
    "parentConfig": {
      "labelWidth": "80px",
      "labelPosition": "left",
      "dictionary": [
        "company_qualification"
      ]
    },
    "itemData": [
      {
        "label": "text",
        "type": "text",
        "key": "text1",
        "defaultValue": "",
        "validNames": ["required", "email"]
      },
      {
        "label": "switch",
        "type": "switch",
        "key": "switch",
        "defaultValue": false,
        "validNames": ["required"]
      },
      {
        "label": "select",
        "type": "select",
        "key": "select",
        "defaultValue": "value2",
        "options": [
          {
            "label": "lable1",
            "value": "value1"
          },
          {
            "label": "lable3",
            "value": "value3"
          },
          {
            "label": "lable2",
            "value": "value2"
          }
        ]
      },
      {
        "label": "textarea",
        "type": "textArea",
        "key": "textarea",
        "defaultValue": ""
      },
      {
        "label": "date",
        "type": "date",
        "key": "date",
        "defaultValue": ""
      },
      {
        "label": "daterange",
        "type": "daterange",
        "key": "daterange",
        "defaultValue": "",
        "dateConfig": {
          "startKey": "startKey",
          "endKey": "endKey"
        }
      },
      {
        "label": "字典",
        "type": "select",
        "key": "dictionary",
        "dictionaryName": "company_qualification",
        "defaultValue": ""
      },
      {
        "label": "radio",
        "type": "radio",
        "key": "dictionaryRadio",
        "dictionaryName": "company_qualification",
        "defaultValue": ""
      },
      {
        "label": "checkbox",
        "type": "checkbox",
        "key": "dictionaryCheckBox",
        "dictionaryName": "company_qualification",
        "defaultValue": []
      }
    ]
  }
}
