[
	{
		"name": "bac",
		"url": "https://resource.kmyun.cn/kmjs-wx-ec/bac.png"
	},
	{
		"name": "icon_Account@2x",
		"url": "https://resource.kmyun.cn/kmjs-wx-ec/icon_Account%402x.png"
	},
	{
		"name": "icon_Address@2x",
		"url": "https://resource.kmyun.cn/kmjs-wx-ec/icon_Address%402x.png"
	},
	{
		"name": "icon_Customer Service@2x",
		"url": "https://resource.kmyun.cn/kmjs-wx-ec/icon_Customer%20Service%402x.png"
	},
	{
		"name": "icon_Grouping@2x",
		"url": "https://resource.kmyun.cn/kmjs-wx-ec/icon_Grouping%402x.png"
	},
	{
		"name": "icon_Referrer@2x",
		"url": "https://resource.kmyun.cn/kmjs-wx-ec/icon_Referrer%402x.png"
	},
	{
		"name": "icon_Payment pending@2x",
		"url": "https://resource.kmyun.cn/kmjs-wx-ec/icon_Payment%20pending%402x.png"
	},
	{
		"name": "icon_Receiving@2x",
		"url": "https://resource.kmyun.cn/kmjs-wx-ec/icon_Receiving%402x.png"
	},
	{
		"name": "icon_Refund@2x",
		"url": "https://resource.kmyun.cn/kmjs-wx-ec/icon_Refund%402x.png"
	},
	{
		"name": "icon_Shipping@2x",
		"url": "https://resource.kmyun.cn/kmjs-wx-ec/icon_Shipping%402x.png"
	},
	{
		"name": "icon_report@2x",
		"url": "https://resource.kmyun.cn/kmjs-wx-ec/icon_report%402x.png"
	},
	{
		"name": "maxrow_coupon2",
		"url": "https://resource.kmyun.cn/kmjs-wx-ec/maxrow_coupon2.png"
	},
	{
		"name": "recharge-icon",
		"url": "https://resource.kmyun.cn/kmjs-wx-ec/recharge-icon.png"
	},
	{
		"name": "Default_default_avatar",
		"url": "https://resource.kmyun.cn/kmjs-wx-ec/Default_default_avatar.png"
	},
	{
		"name": "icon_pdf",
		"url": "https://resource.kmyun.cn/kmjs-wx-ec/icon_pdf.png"
	},
	{
		"name": "Default_no_message",
		"url": "https://resource.kmyun.cn/kmjs-wx-ec/Default_no_message.png"
	},
	{
		"name": "icon_camera_24",
		"url": "https://resource.kmyun.cn/kmjs-wx-ec/icon_camera_24.png"
	},
	{
		"name": "icon_file_24",
		"url": "https://resource.kmyun.cn/kmjs-wx-ec/icon_file_24.png"
	},
	{
		"name": "icon_picture_24",
		"url": "https://resource.kmyun.cn/kmjs-wx-ec/icon_picture_24.png"
	},
	{
		"name": "icon_Video_24",
		"url": "https://resource.kmyun.cn/kmjs-wx-ec/icon_Video_24.png"
	},
	{
		"name": "icon_docx@2x",
		"url": "https://resource.kmyun.cn/kmjs-wx-ec/icon_docx%402x.png"
	},
	{
		"name": "icon_download@2x",
		"url": "https://resource.kmyun.cn/kmjs-wx-ec/icon_download%402x.png"
	},
	{
		"name": "icon_excal@2x",
		"url": "https://resource.kmyun.cn/kmjs-wx-ec/icon_excal%402x.png"
	},
	{
		"name": "icon_ppt@2x",
		"url": "https://resource.kmyun.cn/kmjs-wx-ec/icon_ppt%402x.png"
	},
	{
		"name": "icon_word@2x",
		"url": "https://resource.kmyun.cn/kmjs-wx-ec/icon_word%402x.png"
	},
	{
		"name": "icon_clear",
		"url": "https://resource.kmyun.cn/kmjs-wx-ec/icon_clear.png"
	},
	{
		"name": "icon_close",
		"url": "https://resource.kmyun.cn/kmjs-wx-ec/icon_close.png"
	},
	{
		"name": "tj_icon",
		"url": "https://resource.kmyun.cn/kmjs-wx-ec/tj_icon.png"
	},
	{
		"name": "wx",
		"url": "https://resource.kmyun.cn/kmjs-wx-ec/wx.png"
	},
	{
		"name": "callphone",
		"url": "https://resource.kmyun.cn/kmjs-wx-ec/callphone.png"
	},
	{
		"name": "online",
		"url": "https://resource.kmyun.cn/kmjs-wx-ec/online.png"
	},
	{
		"name": "active-top",
		"url": "https://resource.kmyun.cn/kmjs-wx-ec/active-top.jpg"
	},
	{
		"name": "active-bg",
		"url": "https://resource.kmyun.cn/kmjs-wx-ec/active-bg.png"
	},
	{
		"name": "activity-img",
		"url": "https://resource.kmyun.cn/kmjs-wx-ec/activity-img.jpg"
	},
	{
		"name": "mbh-bg@2x",
		"url": "https://resource.kmyun.cn/kmjs-wx-ec/mbh-bg%402x.png"
	},
	{
		"name": "activeCPbg",
		"url": "https://resource.kmyun.cn/kmjs-wx-ec/activeCPbg.png"
	},
	{
		"name": "home-top@2x",
		"url": "https://resource.kmyun.cn/kmjs-wx-ec/home-top%402x.png"
	},
	{
		"name": "beauty-bg1",
		"url": "https://resource.kmyun.cn/kmjs-wx-ec/beauty-bg1.png"
	},
	{
		"name": "wenhao@2x",
		"url": "https://resource.kmyun.cn/kmjs-wx-ec/wenhao%402x.png"
	},
	{
		"name": "recommend-friend@2x",
		"url": "https://resource.kmyun.cn/kmjs-wx-ec/recommend-friend%402x.png"
	},
	{
		"name": "bottom-goods@2x",
		"url": "https://resource.kmyun.cn/kmjs-wx-ec/bottom-goods%402x.png"
	},
	{
		"name": "top-goods@2x",
		"url": "https://resource.kmyun.cn/kmjs-wx-ec/top-goods%402x.png"
	},
	{
		"name": "shop-bg@2x",
		"url": "https://resource.kmyun.cn/kmjs-wx-ec/shop-bg%402x.png"
	},
	{
		"name": "cp-title-left1",
		"url": "https://resource.kmyun.cn/kmjs-wx-ec/cp-title-left1.png"
	},
	{
		"name": "cp-title-rignt1",
		"url": "https://resource.kmyun.cn/kmjs-wx-ec/cp-title-rignt1.png"
	},
	{
		"name": "beauty-bg",
		"url": "https://resource.kmyun.cn/kmjs-wx-ec/beauty-bg.png"
	},
	{
		"name": "beauty-cover",
		"url": "https://resource.kmyun.cn/kmjs-wx-ec/beauty-cover.png"
	},
	{
		"name": "beauty-title",
		"url": "https://resource.kmyun.cn/kmjs-wx-ec/beauty-title.png"
	},
	{
		"name": "beauty-title1",
		"url": "https://resource.kmyun.cn/kmjs-wx-ec/beauty-title1.png"
	},
	{
		"name": "coupon@2x",
		"url": "https://resource.kmyun.cn/kmjs-wx-ec/coupon%402x.png"
	},
	{
		"name": "couponBor@2x",
		"url": "https://resource.kmyun.cn/kmjs-wx-ec/couponBor%402x.png"
	},
	{
		"name": "couponBtn@2x",
		"url": "https://resource.kmyun.cn/kmjs-wx-ec/couponBtn%402x.png"
	},
	{
		"name": "new-cp-bg",
		"url": "https://resource.kmyun.cn/kmjs-wx-ec/new-cp-bg.png"
	},
	{
		"name": "new-cp",
		"url": "https://resource.kmyun.cn/kmjs-wx-ec/new-cp.png"
	},
	{
		"name": "组 1@2x",
		"url": "https://resource.kmyun.cn/kmjs-wx-ec/%E7%BB%84%201%402x.png"
	},
	{
		"name": "组 504@2x",
		"url": "https://resource.kmyun.cn/kmjs-wx-ec/%E7%BB%84%20504%402x.png"
	},
	{
		"name": "cp-title-left",
		"url": "https://resource.kmyun.cn/kmjs-wx-ec/cp-title-left.png"
	},
	{
		"name": "cp-title-rignt",
		"url": "https://resource.kmyun.cn/kmjs-wx-ec/cp-title-rignt.png"
	},
	{
		"name": "maxrow_coupon",
		"url": "https://resource.kmyun.cn/kmjs-wx-ec/maxrow_coupon.png"
	},
	{
		"name": "row_coupon",
		"url": "https://resource.kmyun.cn/kmjs-wx-ec/row_coupon.png"
	},
	{
		"name": "col_coupon",
		"url": "https://resource.kmyun.cn/kmjs-wx-ec/col_coupon.png"
	},
	{
		"name": "border@2x",
		"url": "https://resource.kmyun.cn/kmjs-wx-ec/border%402x.png"
	},
	{
		"name": "top-bac@2x",
		"url": "https://resource.kmyun.cn/kmjs-wx-ec/top-bac%402x.png"
	},
	{
		"name": "border@2x",
		"url": "https://resource.kmyun.cn/kmjs-wx-ec/border%402x.png"
	},
	{
		"name": "top-bac@2x",
		"url": "https://resource.kmyun.cn/kmjs-wx-ec/top-bac%402x.png"
	}
]