{
  "usingComponents": {
    "kmjs-submit-order-address-item": "../../components/submit-order-address-item/index",
    "kmjs-submit-order-shops-item": "../../components/submit-order-shops-item/index",
    "kmjs-submit-order-sum-up-item": "../../components/submit-order-sum-up-item/index",
    "kmjs-referrer-scan":"../../components/referrer-scan",
    "kmjs-coupons":"../../components/coupons",
    "kmjs-instructions":"../../components/instructions"
  },
  "navigationBarTitleText": "确认订单"
}