{
  "content": [
    {
      "sn": "a757b62ce2b34272ae3d0908de7248dc",
      "appId": null,
      "name": "耗品GO环销方案",
      "resultType": "amount",
      "resultUnit": "万",
      "bonusType": "amount",
      "startAt": 1626364800,
      "endAt": 1628611199,
      "state": "release",
      "type": "ring",
      "createdAt": 1626418003,
      "mainImage": "f82933b26b5240e19b4503e2edfc32121",
      "dictionary": "ABC"
    },
    {
      "sn": "00fac1977be24b38afa54f3d7fa3e8eb",
      "appId": null,
      "name": "zhangjing测试方案",
      "resultType": "amount",
      "resultUnit": "万",
      "bonusType": "amount",
      "startAt": 1609430400,
      "endAt": 1704038399,
      "state": "release",
      "type": "ring",
      "createdAt": 1626420524,
      "mainImage": "63bde2bf31b741d1abc1dbe86d4b306c",
      "dictionary": "jyxk"
    },
    {
      "sn": "32bd73a24d864e67a93026191754c044",
      "appId": null,
      "name": "测试",
      "resultType": "num",
      "resultUnit": "测试sadf",
      "bonusType": "ratio",
      "startAt": 1626364800,
      "endAt": 1630425599,
      "state": "none",
      "type": "ring",
      "createdAt": 1626422711,
      "mainImage": "67d548a32dc2423aa8c4656cfa083c4f",
      "dictionary": "jyxk2"
    },
    {
      "sn": "f548b16fc90c4f72b99f398487c4d2e0",
      "appId": null,
      "name": "wqdq",
      "resultType": "amount",
      "resultUnit": "万1",
      "bonusType": "amount",
      "startAt": 1626451200,
      "endAt": 1628783999,
      "state": "none",
      "type": "ring",
      "createdAt": 1626423894,
      "mainImage": "6646e8444e00483f8f9503d780da519e",
      "dictionary": "xfxk"
    },
    {
      "sn": "9e89862ccf734d719b489637697f3d8b",
      "appId": null,
      "name": "cs",
      "resultType": "num",
      "resultUnit": "cs",
      "bonusType": "ratio",
      "startAt": 1626364800,
      "endAt": 1630425599,
      "state": "none",
      "type": "ring",
      "createdAt": 1626424403,
      "mainImage": "ef6772c90d6f4ea89e728c41f2b104e5",
      "dictionary": "jyxk2"
    },
    {
      "sn": "1561ba05039d44f7bf27f4640c26ea8e",
      "appId": null,
      "name": "耗品GO推广奖励方案",
      "resultType": "amount",
      "resultUnit": "万",
      "bonusType": "amount",
      "startAt": 1625068800,
      "endAt": 1704038399,
      "state": "release",
      "type": "ring",
      "createdAt": 1626424440,
      "mainImage": "b2f25d1c12074506b1b67a6c65c20266",
      "dictionary": "ABC"
    },
    {
      "sn": "b3936fa65f494e88ac5b82e5d0c8654f",
      "appId": null,
      "name": "casc",
      "resultType": "amount",
      "resultUnit": "ss",
      "bonusType": "amount",
      "startAt": 1626451200,
      "endAt": 1630166399,
      "state": "none",
      "type": "ring",
      "createdAt": 1626429385,
      "mainImage": "e03b48ba79754321a39ac188194b4984",
      "dictionary": "jyxk"
    },
    {
      "sn": "f234523dd70848eba191f0cb94cca3c6",
      "appId": null,
      "name": "测",
      "resultType": "num",
      "resultUnit": "测试",
      "bonusType": "ratio",
      "startAt": 1626364800,
      "endAt": 1630425599,
      "state": "none",
      "type": "ring",
      "createdAt": 1626432443,
      "mainImage": "10fd7c00bdc84aaca2d0ae0646596117",
      "dictionary": "jyxk"
    }
  ],
  "pageable": {
    "sort": {
      "sorted": false,
      "unsorted": true,
      "empty": true
    },
    "pageSize": 10,
    "pageNumber": 0,
    "offset": 0,
    "paged": true,
    "unpaged": false
  },
  "totalPages": 1,
  "totalElements": 8,
  "last": true,
  "first": true,
  "sort": {
    "sorted": false,
    "unsorted": true,
    "empty": true
  },
  "numberOfElements": 8,
  "size": 10,
  "number": 0,
  "empty": false
}
