{
  "navigationBarTitleText": "商品详情",
  "usingComponents": {
    "kmjs-swiper": "../../components/swiper/swiper",
    "kmjs-detail-price": "../../components/goods/details-module",
    "van-cell": "@vant/weapp/cell/index",
    "van-cell-group": "@vant/weapp/cell-group/index",
    "van-icon": "@vant/weapp/icon/index",
    "kmjs-shops": "../../components/shops/shops",
    "kmjs-goods-sku-select": "../../components/goods-sku-select/index",
    "van-dialog": "@vant/weapp/dialog/index",
    "kmjs-canvas":"../../components/canvas",
    "kmjs-canvas-spelling":"../../components/canvas-spelling",
    "kmjs-instructions": "../../components/instructions/index",
    "kmjs-coupons": "../../components/coupons/index",
    "kmjs-gogroupbuy":"../../components/go-group-buy",
    "kmjs-pull-loading": "../../components/pull-loading/pull-loading"
  }
}
